,Duration,CreditAmount,InstallmentRatePecnt,PresentResidenceTime,Age,ExistingCreditsAtBank,NumberDependents,CreditStatus
0,0.20588235300000002,0.161769561,0.333333333,0.333333333,0.089285714,0.0,0.0,1
1,0.294117647,0.058380102999999996,1.0,0.666666667,0.125,0.0,0.0,0
2,0.20588235300000002,0.069054694,1.0,0.333333333,0.23214285699999998,0.0,0.0,0
3,0.647058824,0.35809398,0.666666667,0.333333333,0.214285714,0.0,0.0,1
4,0.029411765,0.023825245,0.333333333,0.0,0.17857142899999998,0.0,0.0,0
5,0.029411765,0.131891713,0.333333333,0.666666667,0.446428571,0.0,1.0,0
6,0.20588235300000002,0.08880818800000001,1.0,0.333333333,0.19642857100000002,0.333333333,0.0,1
7,0.117647059,0.035875426,1.0,1.0,0.035714286,0.0,0.0,1
8,0.029411765,0.022889842999999997,0.666666667,1.0,0.35714285700000004,0.333333333,0.0,0
9,0.161764706,0.108451634,0.333333333,1.0,0.017857143,0.0,0.0,0
10,0.470588235,0.036260592,1.0,1.0,0.303571429,0.0,0.0,0
11,0.294117647,0.053152856,1.0,1.0,0.33928571399999996,0.333333333,1.0,1
12,0.20588235300000002,0.151370089,0.333333333,1.0,0.375,0.0,0.0,0
13,0.044117647,0.032794101,0.666666667,1.0,0.303571429,0.0,0.0,0
14,0.470588235,0.217893694,1.0,0.333333333,0.125,0.0,0.0,1
15,0.294117647,0.036590734,1.0,0.333333333,0.17857142899999998,0.0,0.0,1
16,0.161764706,0.067569055,1.0,1.0,0.446428571,0.333333333,1.0,0
17,0.8235294120000001,0.49009574100000003,0.333333333,0.333333333,0.14285714300000002,0.0,0.0,0
18,0.20588235300000002,0.09354022199999999,1.0,0.0,0.267857143,0.333333333,0.0,0
19,0.117647059,0.024815671,1.0,0.333333333,0.23214285699999998,0.333333333,0.0,0
20,0.029411765,0.010894685,1.0,1.0,0.071428571,0.0,0.0,1
21,0.294117647,0.393034005,0.0,1.0,0.428571429,0.0,1.0,0
22,0.117647059,0.110102344,0.0,0.333333333,0.48214285700000004,0.0,0.0,0
23,0.029411765,0.100693298,0.0,0.333333333,0.089285714,0.0,0.0,0
24,0.117647059,0.17326950600000002,0.333333333,0.666666667,0.321428571,0.0,0.0,0
25,0.102941176,0.20298228199999999,0.0,0.333333333,0.375,0.333333333,1.0,0
26,0.161764706,0.06509299,1.0,0.666666667,0.107142857,0.333333333,0.0,0
27,0.20588235300000002,0.094145483,0.666666667,0.333333333,0.071428571,0.0,0.0,0
28,0.117647059,0.052272477000000005,1.0,1.0,0.071428571,0.0,0.0,0
29,0.20588235300000002,0.04946627,1.0,0.666666667,0.48214285700000004,0.333333333,0.0,0
30,0.117647059,0.05727963,1.0,0.333333333,0.28571428600000004,0.333333333,0.0,0
31,0.8235294120000001,0.544404094,0.333333333,1.0,0.035714286,0.0,0.0,0
32,0.294117647,0.092164631,0.333333333,0.333333333,0.125,0.0,0.0,0
33,0.117647059,0.175910642,1.0,0.666666667,0.28571428600000004,0.0,1.0,0
34,0.117647059,0.039947177,1.0,1.0,0.28571428600000004,0.333333333,0.0,0
35,0.647058824,0.353857159,1.0,1.0,0.33928571399999996,0.0,1.0,0
36,0.088235294,0.060360955,1.0,0.333333333,0.14285714300000002,0.333333333,0.0,0
37,0.294117647,0.097501926,1.0,1.0,0.321428571,0.0,0.0,0
38,0.33823529399999996,0.271816881,1.0,1.0,0.517857143,1.0,1.0,0
39,0.382352941,0.23550126600000001,1.0,1.0,0.125,0.0,0.0,0
40,0.647058824,0.223286013,0.666666667,1.0,0.089285714,0.0,0.0,1
41,0.294117647,0.11032243900000001,1.0,0.0,0.625,0.0,0.0,0
42,0.382352941,0.32667547,0.0,1.0,0.089285714,0.333333333,0.0,0
43,0.20588235300000002,0.336249587,0.333333333,0.0,0.39285714299999996,0.0,0.0,0
44,0.382352941,0.64641796,0.0,0.0,0.267857143,0.0,0.0,1
45,0.161764706,0.181908221,0.666666667,0.333333333,0.17857142899999998,0.0,0.0,0
46,0.117647059,0.025696049,1.0,1.0,0.589285714,0.666666667,0.0,0
47,0.073529412,0.065313085,0.333333333,0.666666667,0.17857142899999998,0.0,0.0,1
48,0.117647059,0.07538241400000001,0.333333333,0.666666667,0.19642857100000002,0.0,0.0,0
49,0.088235294,0.061296357,0.333333333,1.0,0.8035714290000001,0.0,0.0,0
50,0.161764706,0.182568504,1.0,0.333333333,0.625,0.0,0.0,0
51,0.117647059,0.068944646,1.0,1.0,0.39285714299999996,0.0,0.0,0
52,0.029411765,0.358259051,0.0,0.666666667,0.46428571399999996,0.333333333,1.0,0
53,0.029411765,0.05771982,0.0,0.0,0.982142857,0.666666667,1.0,0
54,0.073529412,0.061406405,0.666666667,1.0,0.053571429000000004,0.0,0.0,1
55,0.382352941,0.152250468,1.0,1.0,0.5,0.0,0.0,0
56,0.117647059,0.25272367100000004,0.666666667,1.0,0.428571429,0.333333333,0.0,1
57,0.117647059,0.063827446,0.333333333,0.333333333,0.214285714,0.0,0.0,0
58,0.117647059,0.09271486699999999,1.0,1.0,0.428571429,0.666666667,0.0,0
59,0.117647059,0.24347969600000002,0.0,1.0,0.017857143,0.0,0.0,0
60,0.117647059,0.071090569,0.333333333,1.0,0.303571429,0.0,0.0,0
61,0.073529412,0.061296357,0.666666667,1.0,0.7142857140000001,0.0,0.0,0
62,0.117647059,0.048035655,1.0,1.0,0.17857142899999998,0.0,0.0,1
63,0.294117647,0.33944096,0.333333333,1.0,0.446428571,0.333333333,1.0,0
64,0.294117647,0.125894134,1.0,1.0,0.5,0.333333333,1.0,1
65,0.382352941,0.142016067,1.0,0.333333333,0.25,0.0,0.0,0
66,0.470588235,0.231319467,1.0,1.0,0.267857143,0.333333333,0.0,0
67,0.161764706,0.087762738,1.0,0.0,0.48214285700000004,0.0,0.0,0
68,0.029411765,0.037471113,0.0,0.0,0.23214285699999998,0.0,0.0,1
69,0.382352941,0.398096181,1.0,0.0,0.607142857,0.0,0.0,1
70,0.20588235300000002,0.700231099,0.666666667,1.0,0.33928571399999996,0.0,0.0,1
71,0.20588235300000002,0.117695609,1.0,0.0,0.14285714300000002,0.0,0.0,0
72,0.044117647,0.119126224,0.666666667,0.333333333,0.267857143,0.0,0.0,0
73,0.029411765,0.060305932,0.333333333,1.0,0.41071428600000004,0.0,1.0,0
74,0.558823529,0.313854958,0.333333333,0.0,0.39285714299999996,0.333333333,0.0,0
75,0.117647059,0.040332343,0.0,1.0,0.0,0.0,0.0,0
76,0.294117647,0.289479476,1.0,0.0,0.107142857,0.0,0.0,0
77,0.20588235300000002,0.143831848,0.333333333,0.0,0.267857143,0.0,1.0,1
78,0.117647059,0.030097942000000003,1.0,0.666666667,0.25,0.0,1.0,1
79,0.117647059,0.018432926000000002,1.0,1.0,0.017857143,0.333333333,0.0,0
80,0.073529412,0.029712776,1.0,0.666666667,0.8392857140000001,0.0,0.0,0
81,0.470588235,0.11543963900000001,0.666666667,0.333333333,0.48214285700000004,0.333333333,0.0,0
82,0.073529412,0.057114559,0.666666667,1.0,0.517857143,0.333333333,1.0,0
83,0.294117647,0.36271596799999994,0.333333333,1.0,0.48214285700000004,0.333333333,1.0,0
84,0.073529412,0.011444921,1.0,0.666666667,0.089285714,0.0,0.0,0
85,0.117647059,0.02525586,1.0,1.0,0.6785714290000001,0.0,0.0,1
86,0.8235294120000001,0.79960383,0.666666667,1.0,0.732142857,0.333333333,0.0,1
87,0.20588235300000002,0.050566744000000004,1.0,0.666666667,0.17857142899999998,0.333333333,0.0,0
88,0.8235294120000001,0.39440959600000003,0.0,0.0,0.14285714300000002,0.0,0.0,0
89,0.117647059,0.182843623,0.0,0.0,0.071428571,0.0,0.0,0
90,0.647058824,0.266644657,0.333333333,0.666666667,0.19642857100000002,0.0,0.0,1
91,0.294117647,0.053978211,1.0,1.0,0.6785714290000001,0.333333333,0.0,0
92,0.088235294,0.035435237,1.0,0.666666667,0.375,0.0,0.0,0
93,0.470588235,0.17585561800000002,1.0,0.333333333,0.41071428600000004,0.0,1.0,1
94,0.058823529000000006,0.028062067000000003,1.0,0.333333333,0.446428571,0.0,0.0,0
95,0.294117647,0.141685925,1.0,0.666666667,0.267857143,0.333333333,1.0,0
96,0.294117647,0.25420931,0.666666667,1.0,0.607142857,0.333333333,1.0,1
97,0.117647059,0.019753494,1.0,0.0,0.125,0.0,0.0,1
98,0.470588235,0.114064048,1.0,1.0,0.089285714,0.0,0.0,0
99,0.073529412,0.13464289599999998,0.0,0.333333333,0.23214285699999998,0.0,1.0,0
100,0.161764706,0.070540332,1.0,0.666666667,0.214285714,0.0,0.0,0
101,0.029411765,0.08198525400000001,0.333333333,0.333333333,0.19642857100000002,0.333333333,0.0,0
102,0.0,0.17222405600000001,0.0,0.0,0.321428571,0.0,1.0,0
103,0.20588235300000002,0.072521184,0.666666667,1.0,0.089285714,0.0,0.0,0
104,0.161764706,0.24248927,0.666666667,0.333333333,0.19642857100000002,0.0,0.0,0
105,0.294117647,0.060801144,0.666666667,1.0,0.107142857,0.0,0.0,1
106,0.117647059,0.077308243,0.333333333,1.0,0.7857142859999999,0.333333333,0.0,0
107,0.073529412,0.197094751,0.0,1.0,0.8035714290000001,0.0,0.0,0
108,0.029411765,0.059865742,0.0,1.0,0.767857143,0.0,0.0,0
109,0.25,0.128205128,1.0,0.333333333,0.39285714299999996,0.0,1.0,1
110,0.117647059,0.028942445,1.0,0.333333333,0.16071428599999998,0.0,0.0,0
111,0.073529412,0.065973369,0.666666667,0.333333333,0.14285714300000002,0.333333333,0.0,0
112,0.073529412,0.06448773,0.666666667,0.333333333,0.14285714300000002,0.0,0.0,1
113,0.294117647,0.042588312999999996,1.0,1.0,0.517857143,0.0,0.0,1
114,0.294117647,0.071640806,0.666666667,0.0,0.23214285699999998,0.0,1.0,0
115,0.294117647,0.06223176,1.0,0.333333333,0.28571428600000004,0.0,0.0,1
116,0.029411765,0.062286783,0.0,0.0,0.16071428599999998,0.333333333,0.0,0
117,0.602941176,0.23803235399999997,0.666666667,1.0,0.14285714300000002,0.0,0.0,0
118,0.117647059,0.032518983,0.333333333,1.0,0.071428571,0.0,0.0,0
119,0.294117647,0.159458567,0.666666667,0.333333333,0.214285714,0.333333333,0.0,0
120,0.088235294,0.053978211,0.666666667,1.0,0.23214285699999998,0.333333333,1.0,0
121,0.294117647,0.112963574,1.0,0.0,0.46428571399999996,0.0,0.0,1
122,0.073529412,0.162044679,0.0,0.333333333,0.25,0.0,0.0,0
123,0.382352941,0.197094751,0.333333333,0.0,0.053571429000000004,0.0,0.0,0
124,0.470588235,0.19555408800000001,1.0,0.0,0.41071428600000004,0.0,0.0,1
125,0.117647059,0.109882249,0.333333333,0.333333333,0.303571429,0.333333333,0.0,0
126,0.117647059,0.17255419800000002,0.666666667,1.0,0.28571428600000004,0.0,0.0,1
127,0.117647059,0.072851326,1.0,0.333333333,0.553571429,0.0,0.0,0
128,0.029411765,0.150104545,0.0,0.333333333,0.23214285699999998,0.0,0.0,0
129,0.161764706,0.055683944000000006,1.0,0.666666667,0.303571429,0.333333333,0.0,0
130,0.102941176,0.06289204400000001,1.0,1.0,0.28571428600000004,0.333333333,0.0,0
131,0.294117647,0.08281060900000001,1.0,1.0,0.6964285709999999,0.0,0.0,0
132,0.029411765,0.239958182,0.0,1.0,0.23214285699999998,0.0,0.0,1
133,0.25,0.087212501,0.666666667,0.333333333,0.107142857,0.333333333,0.0,1
134,0.029411765,0.018708044,0.666666667,0.666666667,0.125,0.0,0.0,0
135,0.558823529,0.419940574,0.333333333,1.0,0.46428571399999996,0.0,1.0,0
136,0.294117647,0.36436667799999994,0.333333333,0.0,0.642857143,0.0,0.0,1
137,0.20588235300000002,0.046660064,1.0,1.0,0.8214285709999999,0.333333333,0.0,0
138,0.088235294,0.203532519,0.0,0.0,0.321428571,0.0,1.0,0
139,0.470588235,0.307692308,0.333333333,0.333333333,0.28571428600000004,0.333333333,1.0,0
140,0.647058824,0.183118741,1.0,0.0,0.5,0.0,0.0,0
141,0.20588235300000002,0.09007373199999999,1.0,1.0,0.16071428599999998,0.333333333,0.0,0
142,0.073529412,0.059810719000000005,1.0,0.333333333,0.267857143,0.333333333,0.0,1
143,0.029411765,0.050566744000000004,1.0,1.0,0.857142857,0.333333333,0.0,0
144,0.647058824,1.0,0.0,0.333333333,0.23214285699999998,0.0,0.0,1
145,0.647058824,0.184824475,0.0,0.0,0.14285714300000002,0.0,0.0,0
146,0.294117647,0.161274348,1.0,1.0,0.125,0.0,0.0,0
147,0.235294118,0.342137119,0.0,1.0,0.732142857,0.0,0.0,0
148,0.647058824,0.40910091299999995,0.333333333,1.0,0.321428571,0.0,0.0,1
149,0.382352941,0.221745351,1.0,1.0,0.125,0.333333333,0.0,1
150,0.20588235300000002,0.095411027,1.0,1.0,0.5,0.333333333,0.0,0
151,0.029411765,0.071750853,0.0,0.333333333,0.089285714,0.333333333,0.0,0
152,0.294117647,0.338560581,0.0,0.333333333,0.25,0.0,0.0,0
153,0.352941176,0.206668868,0.666666667,0.333333333,0.46428571399999996,0.0,0.0,1
154,0.117647059,0.045779685,1.0,1.0,0.517857143,0.333333333,0.0,1
155,0.8235294120000001,0.362385826,0.666666667,1.0,0.7857142859999999,0.333333333,0.0,1
156,0.20588235300000002,0.183779025,0.666666667,0.666666667,0.375,0.666666667,1.0,0
157,0.161764706,0.034334764,1.0,0.0,0.089285714,0.0,0.0,0
158,0.073529412,0.054253329,0.0,1.0,0.071428571,0.0,0.0,0
159,0.161764706,0.195994278,0.0,1.0,0.071428571,0.0,0.0,0
160,0.294117647,0.17497523899999998,0.666666667,0.333333333,0.214285714,0.0,1.0,0
161,0.8235294120000001,0.758060966,1.0,0.333333333,0.14285714300000002,0.0,0.0,1
162,0.294117647,0.170518323,1.0,1.0,0.19642857100000002,0.0,1.0,1
163,0.294117647,0.14713326699999998,0.666666667,1.0,0.7857142859999999,0.0,1.0,0
164,0.161764706,0.131011335,0.666666667,0.333333333,0.107142857,0.0,0.0,0
165,0.294117647,0.056399252000000004,0.333333333,1.0,0.303571429,0.333333333,0.0,0
166,0.117647059,0.055463849,0.333333333,1.0,0.053571429000000004,0.333333333,0.0,0
167,0.20588235300000002,0.01006933,0.666666667,1.0,0.053571429000000004,0.0,0.0,1
168,0.558823529,0.172994388,1.0,1.0,0.8214285709999999,0.333333333,0.0,0
169,0.117647059,0.024265434,1.0,0.666666667,0.28571428600000004,0.333333333,0.0,1
170,0.117647059,0.035105095,1.0,1.0,0.39285714299999996,0.0,1.0,1
171,0.294117647,0.19907560300000002,1.0,0.333333333,0.39285714299999996,0.333333333,0.0,0
172,0.117647059,0.342137119,0.333333333,0.0,0.589285714,0.0,0.0,1
173,0.294117647,0.207439199,0.333333333,0.333333333,0.14285714300000002,0.0,0.0,0
174,0.20588235300000002,0.20446792100000002,0.0,1.0,0.25,0.666666667,0.0,1
175,0.117647059,0.071805877,1.0,1.0,0.642857143,0.333333333,1.0,1
176,0.25,0.07686805299999999,1.0,0.333333333,0.375,0.333333333,1.0,1
177,0.25,0.1509299,0.666666667,0.333333333,0.16071428599999998,0.333333333,0.0,0
178,0.117647059,0.09601628699999999,1.0,0.0,0.14285714300000002,0.0,0.0,0
179,0.382352941,0.09122922900000001,1.0,1.0,0.8392857140000001,0.0,0.0,1
180,0.088235294,0.109552107,0.0,0.666666667,0.517857143,0.333333333,1.0,0
181,0.102941176,0.104104765,0.0,0.333333333,0.16071428599999998,0.0,0.0,0
182,0.029411765,0.074006823,0.666666667,0.333333333,0.571428571,0.0,1.0,0
183,0.117647059,0.089908661,1.0,1.0,0.35714285700000004,0.0,0.0,0
184,0.470588235,0.51293056,0.0,0.0,0.16071428599999998,0.333333333,0.0,1
185,0.088235294,0.103554528,0.333333333,0.666666667,0.14285714300000002,0.333333333,0.0,0
186,0.029411765,0.08924837699999999,1.0,1.0,0.303571429,0.666666667,0.0,0
187,0.073529412,0.062616925,1.0,0.333333333,0.125,0.0,0.0,0
188,0.382352941,0.447672499,0.333333333,0.333333333,0.535714286,0.0,0.0,1
189,0.470588235,0.130020909,1.0,0.333333333,0.14285714300000002,0.333333333,0.0,0
190,0.294117647,0.052657643,1.0,1.0,0.089285714,0.0,0.0,1
191,0.117647059,0.103004292,0.666666667,0.333333333,0.35714285700000004,0.333333333,1.0,0
192,0.161764706,0.114229119,0.333333333,1.0,0.14285714300000002,0.0,0.0,0
193,0.058823529000000006,0.026466381,1.0,1.0,0.5,0.333333333,0.0,0
194,0.117647059,0.088588093,1.0,0.333333333,0.267857143,0.333333333,0.0,0
195,0.117647059,0.081765159,0.666666667,1.0,0.214285714,0.0,0.0,0
196,0.117647059,0.12804005699999998,0.333333333,0.0,0.41071428600000004,0.0,0.0,0
197,0.294117647,0.151094971,0.333333333,1.0,0.017857143,0.0,0.0,1
198,0.0,0.066303511,0.333333333,0.0,0.41071428600000004,0.666666667,1.0,0
199,0.088235294,0.058270055999999994,1.0,1.0,0.14285714300000002,0.0,0.0,1
200,0.647058824,0.47364366700000005,0.333333333,0.0,0.28571428600000004,0.333333333,0.0,0
201,0.294117647,0.070595356,1.0,0.666666667,0.33928571399999996,0.0,0.0,0
202,0.088235294,0.05364806900000001,0.333333333,0.333333333,0.321428571,0.0,0.0,0
203,0.294117647,0.15709255,1.0,0.333333333,0.107142857,0.333333333,0.0,0
204,0.20588235300000002,0.092109607,1.0,0.666666667,0.14285714300000002,0.0,0.0,1
205,0.117647059,0.059425553,1.0,0.0,0.125,0.0,0.0,0
206,0.20588235300000002,0.34158688200000004,0.333333333,1.0,0.35714285700000004,0.333333333,1.0,1
207,0.470588235,0.408715748,0.333333333,1.0,0.375,0.333333333,0.0,0
208,0.294117647,0.06707384200000001,1.0,1.0,0.39285714299999996,0.0,0.0,0
209,0.117647059,0.128095081,0.666666667,1.0,0.642857143,0.0,0.0,0
210,0.117647059,0.138054363,0.333333333,1.0,0.267857143,0.333333333,0.0,0
211,0.088235294,0.11362385800000001,0.666666667,1.0,0.589285714,0.0,0.0,0
212,0.294117647,0.313249697,0.0,0.0,0.446428571,0.333333333,0.0,1
213,0.294117647,0.219599428,0.0,1.0,0.303571429,0.666666667,0.0,1
214,0.073529412,0.103664576,1.0,1.0,0.517857143,0.666666667,0.0,0
215,0.20588235300000002,0.033894575,1.0,0.333333333,0.107142857,0.0,0.0,0
216,0.20588235300000002,0.230494112,0.0,0.0,0.25,0.0,0.0,0
217,0.647058824,0.548695939,1.0,0.666666667,0.321428571,0.0,0.0,0
218,0.117647059,0.064597777,0.666666667,1.0,0.642857143,0.0,0.0,0
219,0.161764706,0.061076263,1.0,0.333333333,0.214285714,0.333333333,0.0,0
220,0.647058824,0.23962804,0.666666667,1.0,0.089285714,0.333333333,1.0,1
221,0.514705882,0.458787279,1.0,0.333333333,0.46428571399999996,0.0,0.0,0
222,0.20588235300000002,0.164740839,0.0,1.0,0.25,0.333333333,0.0,0
223,0.647058824,0.154616485,1.0,1.0,0.16071428599999998,0.333333333,0.0,1
224,0.6323529410000001,0.576207769,0.0,0.0,0.28571428600000004,0.0,0.0,0
225,0.117647059,0.028227138,1.0,0.0,0.125,0.0,0.0,0
226,0.25,0.051612193,0.333333333,1.0,0.35714285700000004,0.0,1.0,1
227,0.294117647,0.074447012,1.0,1.0,0.642857143,0.0,0.0,0
228,0.088235294,0.057059535999999994,1.0,0.333333333,0.46428571399999996,0.0,0.0,0
229,0.294117647,0.063992517,1.0,0.333333333,0.16071428599999998,0.0,0.0,0
230,0.029411765,0.060140861,0.0,1.0,0.48214285700000004,0.333333333,1.0,0
231,0.073529412,0.001430615,1.0,1.0,0.053571429000000004,0.0,0.0,0
232,0.117647059,0.025145813,1.0,0.333333333,0.19642857100000002,0.333333333,0.0,0
233,0.382352941,0.27423792199999997,1.0,0.333333333,0.16071428599999998,0.333333333,0.0,1
234,0.20588235300000002,0.187080445,0.0,1.0,0.053571429000000004,0.0,0.0,0
235,0.029411765,0.060636074000000005,0.0,0.333333333,0.071428571,0.0,0.0,0
236,0.382352941,0.10625068800000001,1.0,1.0,0.303571429,0.333333333,0.0,0
237,0.117647059,0.054473424000000006,1.0,0.333333333,0.33928571399999996,0.333333333,0.0,0
238,0.132352941,0.08512160199999999,0.666666667,0.0,0.16071428599999998,0.333333333,0.0,0
239,0.029411765,0.18851106,0.0,0.666666667,0.321428571,0.666666667,1.0,0
240,0.117647059,0.08974359,0.333333333,0.333333333,0.446428571,0.0,0.0,0
241,0.25,0.11571475699999999,0.0,1.0,0.5,0.333333333,0.0,0
242,0.294117647,0.037801255,1.0,0.666666667,0.14285714300000002,0.333333333,0.0,0
243,0.20588235300000002,0.054748542000000004,1.0,0.333333333,0.25,0.0,0.0,1
244,0.294117647,0.348244745,1.0,0.333333333,0.17857142899999998,0.0,0.0,0
245,0.117647059,0.037416089,1.0,1.0,0.8214285709999999,1.0,0.0,0
246,0.117647059,0.120776934,0.333333333,1.0,0.125,0.0,0.0,0
247,0.294117647,0.129910862,1.0,0.666666667,0.48214285700000004,0.333333333,0.0,0
248,0.647058824,0.655827006,1.0,1.0,0.303571429,0.0,0.0,0
249,0.088235294,0.069935072,1.0,0.333333333,0.214285714,0.0,0.0,0
250,0.294117647,0.181688126,0.666666667,1.0,0.14285714300000002,0.0,0.0,1
251,0.20588235300000002,0.092989986,0.666666667,1.0,0.303571429,0.0,0.0,0
252,0.117647059,0.030483108,1.0,1.0,0.33928571399999996,0.0,0.0,0
253,0.161764706,0.039066799,0.666666667,0.333333333,0.19642857100000002,0.333333333,0.0,0
254,0.117647059,0.023330032,1.0,0.0,0.017857143,0.0,0.0,1
255,0.029411765,0.070870474,0.0,0.333333333,0.660714286,0.0,0.0,0
256,0.029411765,0.053427974,0.0,0.333333333,0.14285714300000002,0.333333333,0.0,0
257,0.029411765,0.17244415100000002,0.0,1.0,0.446428571,0.0,0.0,1
258,0.161764706,0.057774843,1.0,1.0,0.46428571399999996,0.0,1.0,0
259,0.20588235300000002,0.086222075,1.0,0.333333333,0.16071428599999998,0.333333333,0.0,0
260,0.117647059,0.111643006,1.0,1.0,0.321428571,0.0,0.0,0
261,0.117647059,0.046935182,1.0,0.666666667,0.17857142899999998,0.333333333,0.0,0
262,0.294117647,0.21255639899999998,0.666666667,1.0,0.16071428599999998,0.0,0.0,1
263,0.029411765,0.052492572,1.0,0.0,0.28571428600000004,0.0,0.0,0
264,0.470588235,0.431165401,0.333333333,1.0,0.41071428600000004,1.0,0.0,1
265,0.20588235300000002,0.17932210899999998,1.0,0.0,0.107142857,0.0,0.0,0
266,0.294117647,0.09948277800000001,1.0,0.333333333,0.25,0.333333333,0.0,0
267,0.20588235300000002,0.15758776300000002,0.0,1.0,0.125,0.0,0.0,1
268,0.117647059,0.16952789699999998,0.333333333,1.0,0.41071428600000004,0.0,0.0,0
269,0.117647059,0.027731925,1.0,1.0,0.33928571399999996,0.333333333,0.0,0
270,0.264705882,0.133432376,0.666666667,1.0,0.375,0.0,0.0,0
271,1.0,0.294101464,0.333333333,0.333333333,0.089285714,0.0,0.0,1
272,0.073529412,0.048750963,1.0,0.666666667,0.23214285699999998,0.333333333,1.0,1
273,0.029411765,0.099757896,1.0,0.666666667,0.19642857100000002,0.0,0.0,0
274,0.088235294,0.100088038,0.333333333,0.0,0.125,0.333333333,0.0,0
275,0.647058824,0.779740288,0.333333333,0.333333333,0.107142857,0.0,0.0,1
276,0.029411765,0.065973369,0.0,0.333333333,0.214285714,0.333333333,1.0,0
277,0.294117647,0.192527787,0.333333333,1.0,0.125,0.0,0.0,0
278,0.470588235,0.418454936,1.0,0.333333333,0.107142857,0.333333333,0.0,1
279,0.294117647,0.056949488,1.0,1.0,0.23214285699999998,0.0,0.0,1
280,0.20588235300000002,0.042808408,1.0,0.666666667,0.303571429,0.333333333,0.0,0
281,0.294117647,0.054803566,1.0,0.333333333,0.071428571,0.0,0.0,1
282,0.117647059,0.07246616,0.0,0.0,0.053571429000000004,0.0,0.0,0
283,0.117647059,0.059480577,0.333333333,0.0,0.053571429000000004,0.0,0.0,1
284,0.117647059,0.023935292,0.333333333,0.666666667,0.107142857,0.0,0.0,1
285,0.117647059,0.046329922,1.0,1.0,0.535714286,0.333333333,0.0,0
286,0.470588235,0.117420491,1.0,0.0,0.25,0.0,0.0,1
287,0.029411765,0.02525586,0.333333333,0.333333333,0.14285714300000002,0.0,0.0,0
288,0.294117647,0.148949048,1.0,1.0,0.7857142859999999,0.333333333,0.0,0
289,0.294117647,0.08809288,1.0,0.333333333,0.25,0.333333333,0.0,0
290,0.20588235300000002,0.129305601,1.0,1.0,0.8214285709999999,0.333333333,0.0,1
291,0.382352941,0.150819853,0.333333333,1.0,0.107142857,0.0,0.0,0
292,0.20588235300000002,0.09909761199999999,1.0,0.0,0.25,0.0,0.0,0
293,0.0,0.019313305,0.0,0.666666667,0.071428571,0.0,1.0,0
294,0.161764706,0.069880048,1.0,1.0,0.7857142859999999,0.0,0.0,0
295,0.073529412,0.091834489,1.0,0.666666667,0.28571428600000004,0.0,0.0,0
296,0.647058824,0.252778695,0.666666667,0.333333333,0.25,0.0,0.0,1
297,0.470588235,0.36519203299999997,1.0,0.666666667,0.17857142899999998,0.0,0.0,1
298,0.470588235,0.5033564429999999,0.0,1.0,0.16071428599999998,0.0,0.0,1
299,0.117647059,0.063992517,0.666666667,0.333333333,0.642857143,0.0,0.0,0
300,0.294117647,0.416198966,0.666666667,0.666666667,0.33928571399999996,0.0,0.0,0
301,0.470588235,0.185429735,0.0,0.333333333,0.321428571,0.0,1.0,0
302,0.117647059,0.07065038,0.0,0.0,0.071428571,0.0,0.0,1
303,0.294117647,0.269725982,1.0,0.333333333,0.107142857,0.0,0.0,0
304,0.294117647,0.411081765,0.0,0.333333333,0.19642857100000002,0.0,0.0,0
305,0.029411765,0.01006933,1.0,0.333333333,0.089285714,0.0,1.0,1
306,0.33823529399999996,0.127654892,0.666666667,0.666666667,0.035714286,0.0,0.0,1
307,0.20588235300000002,0.0544184,1.0,1.0,0.75,0.0,0.0,0
308,0.073529412,0.04886101,1.0,1.0,0.107142857,0.333333333,0.0,0
309,0.20588235300000002,0.199295697,0.333333333,1.0,0.857142857,0.0,0.0,0
310,0.294117647,0.19880048399999997,0.0,0.333333333,0.23214285699999998,0.0,0.0,0
311,0.117647059,0.008748762,0.666666667,0.666666667,0.41071428600000004,0.333333333,0.0,0
312,0.294117647,0.06289204400000001,0.333333333,0.333333333,0.214285714,0.0,0.0,0
313,0.117647059,0.073841752,0.666666667,0.333333333,0.28571428600000004,0.0,0.0,0
314,0.029411765,0.00616265,1.0,1.0,0.589285714,0.333333333,0.0,0
315,0.264705882,0.056839441,1.0,1.0,0.107142857,0.0,0.0,0
316,0.470588235,0.667932211,0.0,1.0,0.321428571,0.0,0.0,1
317,0.25,0.261527457,0.0,1.0,0.17857142899999998,0.333333333,0.0,1
318,0.117647059,0.035765379,1.0,0.333333333,0.071428571,0.0,0.0,1
319,0.470588235,0.39517992700000004,0.333333333,0.333333333,0.625,0.0,0.0,0
320,0.073529412,0.12418840099999999,0.333333333,1.0,0.571428571,0.0,0.0,0
321,0.8235294120000001,0.387751733,1.0,1.0,0.303571429,0.0,0.0,1
322,0.382352941,0.313854958,0.666666667,0.333333333,0.33928571399999996,0.0,0.0,0
323,0.117647059,0.028007043,1.0,0.333333333,0.125,0.0,0.0,1
324,0.029411765,0.044018928,1.0,0.0,0.28571428600000004,0.333333333,0.0,0
325,0.294117647,0.285187631,0.333333333,1.0,0.125,0.0,0.0,0
326,0.117647059,0.09040387400000001,1.0,1.0,0.17857142899999998,0.0,0.0,0
327,0.117647059,0.057169582999999996,1.0,0.0,0.035714286,0.0,0.0,0
328,0.294117647,0.117420491,1.0,1.0,0.8035714290000001,0.0,0.0,0
329,0.470588235,0.439033785,0.333333333,0.333333333,0.125,0.0,1.0,1
330,0.117647059,0.020248707,1.0,1.0,0.660714286,0.0,0.0,0
331,0.294117647,0.164245626,0.666666667,0.333333333,0.125,0.0,0.0,0
332,0.294117647,0.144272037,0.666666667,1.0,0.303571429,0.0,1.0,0
333,0.117647059,0.055298778,1.0,1.0,0.75,0.333333333,0.0,0
334,0.647058824,0.201606691,1.0,0.333333333,0.33928571399999996,0.0,0.0,1
335,0.20588235300000002,0.145757676,1.0,1.0,0.428571429,0.0,1.0,0
336,0.161764706,0.052987785,1.0,0.666666667,0.5,0.0,0.0,0
337,0.073529412,0.067569055,1.0,0.333333333,0.053571429000000004,0.0,0.0,1
338,0.161764706,0.067569055,1.0,0.666666667,0.25,0.333333333,0.0,0
339,0.117647059,0.320677891,0.333333333,0.333333333,0.23214285699999998,0.0,0.0,0
340,0.117647059,0.068504457,1.0,0.0,0.33928571399999996,0.333333333,1.0,0
341,0.25,0.017662595,1.0,1.0,0.8214285709999999,0.333333333,0.0,0
342,0.117647059,0.022119511,1.0,1.0,0.089285714,0.0,0.0,0
343,0.20588235300000002,0.05320787900000001,1.0,0.666666667,0.5,0.0,0.0,1
344,0.20588235300000002,0.118520964,0.333333333,0.333333333,0.125,0.333333333,0.0,0
345,0.294117647,0.07411687,1.0,1.0,0.625,0.333333333,1.0,0
346,0.117647059,0.152250468,0.666666667,0.0,0.267857143,0.0,0.0,0
347,0.382352941,0.10454495400000001,1.0,0.333333333,0.089285714,0.0,0.0,1
348,0.20588235300000002,0.047485419,1.0,1.0,0.125,0.0,1.0,0
349,0.20588235300000002,0.13051612199999998,1.0,1.0,0.267857143,0.0,0.0,0
350,0.117647059,0.092659844,0.333333333,0.333333333,0.125,0.333333333,0.0,0
351,0.073529412,0.10377462300000001,0.666666667,0.333333333,0.107142857,0.0,0.0,0
352,0.029411765,0.011224827,0.666666667,0.0,0.053571429000000004,0.0,0.0,0
353,0.294117647,0.082150325,1.0,0.333333333,0.517857143,0.333333333,0.0,0
354,0.117647059,0.14960933199999998,1.0,0.666666667,0.107142857,0.333333333,0.0,1
355,0.294117647,0.192967976,1.0,1.0,0.767857143,0.0,0.0,0
356,0.029411765,0.022669747999999997,0.666666667,1.0,0.39285714299999996,0.0,1.0,0
357,0.294117647,0.140970617,0.333333333,1.0,0.125,0.0,0.0,0
358,0.514705882,0.25767580100000004,0.333333333,0.333333333,0.107142857,0.333333333,0.0,1
359,0.20588235300000002,0.327610873,0.333333333,1.0,0.446428571,0.0,1.0,0
360,0.073529412,0.045779685,1.0,1.0,0.14285714300000002,0.333333333,0.0,0
361,0.20588235300000002,0.04434907,0.666666667,0.666666667,0.19642857100000002,0.333333333,0.0,1
362,0.117647059,0.178771872,0.666666667,0.333333333,0.17857142899999998,0.333333333,0.0,1
363,0.470588235,0.232364917,1.0,0.333333333,0.214285714,0.0,0.0,0
364,0.647058824,0.543468692,0.333333333,0.333333333,0.446428571,0.0,0.0,1
365,0.558823529,0.38054363399999996,0.333333333,1.0,0.17857142899999998,0.0,0.0,0
366,0.33823529399999996,0.314460218,0.0,0.333333333,0.19642857100000002,0.333333333,0.0,0
367,0.20588235300000002,0.048200726,1.0,0.333333333,0.035714286,0.0,0.0,0
368,0.294117647,0.179487179,0.333333333,0.666666667,0.33928571399999996,0.333333333,0.0,0
369,0.294117647,0.090844063,1.0,1.0,0.17857142899999998,0.0,0.0,0
370,0.294117647,0.13579839300000002,0.666666667,1.0,0.017857143,0.0,0.0,1
371,0.073529412,0.049741389000000004,0.333333333,1.0,0.321428571,0.666666667,0.0,0
372,0.20588235300000002,0.093155057,1.0,1.0,0.071428571,0.0,0.0,1
373,0.470588235,0.28848905,0.333333333,1.0,0.41071428600000004,0.0,1.0,0
374,0.294117647,0.128095081,0.333333333,0.333333333,0.267857143,0.0,0.0,0
375,0.161764706,0.00781336,1.0,1.0,0.071428571,0.0,0.0,0
376,0.294117647,0.107131066,1.0,1.0,0.428571429,0.333333333,1.0,0
377,0.352941176,0.41674920200000004,0.666666667,1.0,0.375,0.333333333,1.0,0
378,0.161764706,0.069439859,0.666666667,0.666666667,0.75,0.333333333,0.0,1
379,0.117647059,0.026246286,1.0,0.666666667,0.25,0.0,0.0,1
380,0.294117647,0.49669858,0.333333333,1.0,0.517857143,0.0,0.0,0
381,0.20588235300000002,0.086387146,0.333333333,0.333333333,0.19642857100000002,0.0,0.0,0
382,0.20588235300000002,0.09232970199999999,0.333333333,0.333333333,0.214285714,0.333333333,0.0,1
383,0.382352941,0.198470342,1.0,1.0,0.375,0.0,0.0,0
384,0.470588235,0.170518323,1.0,0.333333333,0.16071428599999998,0.0,0.0,1
385,0.294117647,0.11692527800000001,1.0,0.333333333,0.446428571,0.333333333,1.0,0
386,0.102941176,0.058985364000000005,1.0,1.0,0.375,0.333333333,0.0,0
387,0.073529412,0.058490151,0.0,1.0,0.017857143,0.0,0.0,0
388,0.382352941,0.080609662,1.0,0.0,0.125,0.0,0.0,0
389,0.20588235300000002,0.073291515,1.0,1.0,0.48214285700000004,0.333333333,0.0,0
390,0.117647059,0.114504237,0.0,1.0,0.535714286,0.0,0.0,0
391,0.558823529,0.250137559,1.0,1.0,0.660714286,0.0,0.0,0
392,0.294117647,0.052217454,1.0,1.0,0.732142857,0.333333333,0.0,1
393,0.382352941,0.114614284,1.0,0.333333333,0.19642857100000002,0.0,0.0,0
394,0.294117647,0.09783206800000001,0.333333333,0.333333333,0.19642857100000002,0.333333333,0.0,0
395,0.117647059,0.41900517200000004,1.0,1.0,0.607142857,0.0,0.0,1
396,0.294117647,0.185484758,0.333333333,1.0,0.214285714,0.333333333,0.0,1
397,0.514705882,0.127599868,1.0,1.0,0.089285714,0.0,0.0,0
398,0.470588235,0.49636843799999997,0.333333333,0.0,0.089285714,0.0,0.0,1
399,0.294117647,0.062286783,1.0,0.0,0.125,0.333333333,0.0,0
400,0.073529412,0.102784197,0.333333333,0.333333333,0.321428571,0.0,1.0,0
401,0.647058824,0.39760096799999994,1.0,0.0,0.553571429,0.0,0.0,0
402,0.029411765,0.019753494,1.0,0.666666667,0.321428571,0.333333333,0.0,0
403,0.294117647,0.164190602,1.0,1.0,0.071428571,0.0,0.0,1
404,0.294117647,0.051887312000000005,0.0,1.0,0.17857142899999998,0.333333333,0.0,1
405,0.073529412,0.14025531,0.333333333,0.333333333,0.303571429,0.333333333,1.0,0
406,0.088235294,0.054473424000000006,0.0,1.0,0.517857143,0.0,1.0,1
407,0.073529412,0.053593045,0.666666667,0.0,0.19642857100000002,0.333333333,0.0,0
408,0.294117647,0.369593925,1.0,1.0,0.303571429,0.0,0.0,0
409,0.161764706,0.06344228,0.333333333,1.0,0.16071428599999998,0.0,0.0,0
410,0.117647059,0.14746340900000002,0.333333333,0.0,0.14285714300000002,0.0,0.0,0
411,0.20588235300000002,0.198085177,0.666666667,0.0,0.14285714300000002,0.333333333,0.0,0
412,0.20588235300000002,0.17453505,1.0,1.0,0.5,0.666666667,1.0,0
413,0.073529412,0.037746231,1.0,0.333333333,0.589285714,0.333333333,0.0,0
414,0.470588235,0.09370529300000001,1.0,1.0,0.75,0.0,0.0,1
415,0.294117647,0.156377242,0.666666667,0.333333333,0.053571429000000004,0.0,0.0,1
416,0.294117647,0.24369979100000003,0.666666667,0.666666667,0.28571428600000004,0.333333333,0.0,0
417,0.102941176,0.073016397,1.0,0.0,0.017857143,0.0,0.0,0
418,0.029411765,0.071145593,1.0,0.333333333,0.25,0.0,0.0,0
419,0.470588235,0.393914383,0.666666667,0.333333333,0.321428571,0.333333333,0.0,0
420,0.161764706,0.124408496,0.0,1.0,0.071428571,0.0,0.0,0
421,0.088235294,0.092109607,0.0,1.0,0.33928571399999996,0.0,0.0,0
422,0.294117647,0.09557609800000001,0.333333333,1.0,0.035714286,0.0,1.0,1
423,0.382352941,0.125013756,0.0,0.666666667,0.35714285700000004,0.0,1.0,0
424,0.029411765,0.045009354,1.0,1.0,0.16071428599999998,0.0,1.0,0
425,0.470588235,0.08759766699999999,1.0,1.0,0.267857143,0.0,0.0,1
426,0.558823529,0.22669748,0.666666667,0.333333333,0.125,0.333333333,1.0,1
427,0.294117647,0.251293056,0.333333333,0.666666667,0.214285714,0.0,0.0,1
428,0.029411765,0.006492792,1.0,1.0,0.33928571399999996,0.0,0.0,0
429,0.647058824,0.334598878,1.0,1.0,0.48214285700000004,0.333333333,0.0,1
430,0.029411765,0.05276769,1.0,1.0,0.5,0.0,0.0,1
431,0.294117647,0.072025971,1.0,1.0,0.553571429,0.0,0.0,0
432,0.20588235300000002,0.044294046,1.0,0.0,0.19642857100000002,0.333333333,0.0,0
433,0.25,0.17095851199999998,1.0,0.333333333,0.17857142899999998,0.0,0.0,0
434,0.33823529399999996,0.17420490800000002,0.666666667,0.333333333,0.14285714300000002,0.0,0.0,0
435,0.558823529,0.38098382299999994,1.0,0.666666667,0.19642857100000002,0.0,0.0,1
436,0.470588235,0.30802245,1.0,0.0,0.089285714,0.0,0.0,0
437,0.20588235300000002,0.034885001,1.0,1.0,0.303571429,0.0,1.0,1
438,0.161764706,0.204082756,0.666666667,0.333333333,0.17857142899999998,0.0,0.0,1
439,0.25,0.129635743,1.0,1.0,0.16071428599999998,0.0,0.0,0
440,0.294117647,0.138109387,1.0,1.0,0.303571429,0.0,0.0,0
441,0.647058824,0.202542093,1.0,1.0,0.48214285700000004,0.0,1.0,1
442,0.117647059,0.025200836,0.333333333,0.666666667,0.33928571399999996,0.0,1.0,0
443,0.117647059,0.034995048,1.0,0.333333333,0.035714286,0.0,0.0,0
444,0.294117647,0.111918125,1.0,0.333333333,0.16071428599999998,0.0,0.0,0
445,0.20588235300000002,0.23902278,0.666666667,0.333333333,0.23214285699999998,0.0,0.0,0
446,0.029411765,0.083415869,0.0,0.333333333,0.035714286,0.0,0.0,0
447,0.382352941,0.22130516100000003,0.333333333,0.333333333,0.125,0.333333333,0.0,0
448,0.117647059,0.025806097000000004,1.0,1.0,0.39285714299999996,0.0,1.0,1
449,0.235294118,0.107956421,1.0,1.0,0.35714285700000004,0.0,0.0,0
450,0.029411765,0.054363376,1.0,1.0,0.303571429,0.0,1.0,0
451,0.20588235300000002,0.330692198,0.666666667,0.666666667,0.16071428599999998,0.0,0.0,0
452,0.117647059,0.04104765,1.0,1.0,0.071428571,0.333333333,0.0,0
453,0.117647059,0.105700451,1.0,1.0,0.33928571399999996,0.333333333,0.0,0
454,0.088235294,0.07411687,0.666666667,0.333333333,0.375,0.0,1.0,0
455,0.20588235300000002,0.051722240999999995,0.333333333,1.0,0.642857143,0.666666667,1.0,1
456,0.044117647,0.026411357000000003,1.0,0.333333333,0.48214285700000004,0.333333333,0.0,0
457,0.382352941,0.335644327,1.0,1.0,0.214285714,0.0,0.0,1
458,0.382352941,0.404203808,0.0,1.0,0.7857142859999999,0.333333333,0.0,0
459,0.294117647,0.41311764100000004,0.333333333,1.0,0.17857142899999998,0.0,0.0,0
460,0.470588235,0.08633212300000001,1.0,1.0,0.321428571,0.0,0.0,1
461,0.294117647,0.09271486699999999,1.0,1.0,0.214285714,0.333333333,0.0,1
462,0.029411765,0.009794212,0.333333333,0.0,0.535714286,0.0,0.0,0
463,0.20588235300000002,0.085011555,0.666666667,1.0,0.517857143,0.333333333,0.0,0
464,0.294117647,0.146362936,0.333333333,0.0,0.267857143,0.0,0.0,0
465,0.117647059,0.112358314,1.0,0.333333333,0.41071428600000004,0.333333333,0.0,1
466,0.20588235300000002,0.15703752599999998,0.666666667,0.0,0.214285714,0.0,0.0,0
467,0.20588235300000002,0.067293936,0.666666667,1.0,0.35714285700000004,0.0,0.0,0
468,0.161764706,0.038516562000000004,1.0,0.666666667,0.25,0.333333333,1.0,1
469,0.558823529,0.49702872200000003,0.0,0.333333333,0.642857143,0.0,0.0,0
470,0.294117647,0.305601409,1.0,0.333333333,0.14285714300000002,0.333333333,0.0,0
471,0.294117647,0.055463849,0.666666667,0.666666667,0.6785714290000001,0.0,0.0,0
472,0.161764706,0.072576208,1.0,1.0,0.267857143,0.0,1.0,0
473,0.25,0.074391989,1.0,0.666666667,0.19642857100000002,0.333333333,0.0,0
474,0.382352941,0.357213602,0.333333333,0.666666667,0.303571429,0.333333333,0.0,0
475,0.161764706,0.27919005199999997,0.0,1.0,0.28571428600000004,0.0,0.0,0
476,0.294117647,0.057059535999999994,1.0,1.0,0.321428571,0.333333333,0.0,0
477,0.117647059,0.08550676800000001,0.666666667,1.0,0.446428571,0.0,0.0,0
478,0.294117647,0.07131066400000001,1.0,1.0,0.089285714,0.0,0.0,1
479,0.029411765,0.012875536000000002,0.666666667,0.666666667,0.16071428599999998,0.0,0.0,0
480,0.294117647,0.114174095,0.333333333,0.666666667,0.23214285699999998,0.0,0.0,0
481,0.161764706,0.13409266,0.333333333,1.0,0.125,0.0,0.0,0
482,0.20588235300000002,0.45234951,0.0,0.333333333,0.071428571,0.333333333,0.0,0
483,0.161764706,0.06569825,1.0,0.0,0.071428571,0.0,0.0,0
484,0.470588235,0.165015957,0.333333333,1.0,0.35714285700000004,0.0,1.0,0
485,0.470588235,0.137339056,1.0,1.0,0.214285714,0.0,0.0,1
486,0.117647059,0.037911302,1.0,0.333333333,0.16071428599999998,0.666666667,0.0,1
487,0.294117647,0.186090019,0.0,1.0,0.053571429000000004,0.0,0.0,0
488,0.117647059,0.30543633800000003,0.333333333,1.0,0.535714286,0.0,0.0,0
489,0.294117647,0.622317597,0.0,1.0,0.071428571,0.333333333,0.0,1
490,0.088235294,0.026246286,1.0,1.0,0.48214285700000004,0.0,0.0,0
491,0.294117647,0.64311654,0.333333333,0.666666667,0.35714285700000004,0.333333333,1.0,1
492,0.602941176,0.153020799,1.0,1.0,0.035714286,0.0,0.0,1
493,0.117647059,0.08352591599999999,0.666666667,0.333333333,0.089285714,0.0,0.0,0
494,0.117647059,0.063937493,1.0,0.333333333,0.17857142899999998,0.333333333,0.0,0
495,0.102941176,0.248761968,0.333333333,1.0,0.571428571,0.0,0.0,0
496,0.117647059,0.047155277,0.333333333,0.333333333,0.017857143,0.0,1.0,0
497,0.029411765,0.037526136,0.0,0.666666667,0.35714285700000004,0.333333333,0.0,0
498,0.735294118,0.5054473420000001,0.333333333,0.333333333,0.35714285700000004,0.0,1.0,0
499,0.294117647,0.056784417000000004,1.0,0.333333333,0.23214285699999998,0.0,0.0,1
500,0.426470588,0.221800374,0.0,1.0,0.071428571,0.333333333,0.0,1
501,0.470588235,0.141410807,1.0,1.0,0.14285714300000002,0.333333333,0.0,1
502,0.470588235,0.23181468,1.0,0.333333333,0.125,0.333333333,0.0,1
503,0.647058824,0.32243864899999997,0.0,0.666666667,0.214285714,0.0,0.0,0
504,0.117647059,0.183779025,0.333333333,0.333333333,0.17857142899999998,0.0,1.0,0
505,0.294117647,0.071695829,0.666666667,0.333333333,0.071428571,0.333333333,0.0,0
506,0.294117647,0.059590624,1.0,0.333333333,0.428571429,0.333333333,1.0,1
507,0.117647059,0.024815671,1.0,0.333333333,0.375,0.0,0.0,0
508,0.029411765,0.054308353,0.0,0.0,0.14285714300000002,0.333333333,0.0,0
509,0.117647059,0.063387257,0.666666667,1.0,0.321428571,0.0,0.0,0
510,0.647058824,0.453229889,0.0,0.333333333,0.089285714,0.0,0.0,0
511,0.117647059,0.049961483,0.666666667,0.0,0.125,0.0,0.0,0
512,0.161764706,0.186695279,0.0,1.0,0.14285714300000002,0.333333333,0.0,0
513,0.294117647,0.170298228,1.0,0.333333333,0.35714285700000004,0.0,0.0,1
514,0.117647059,0.038956751,0.333333333,0.666666667,0.5,0.333333333,1.0,0
515,0.8235294120000001,0.847529438,0.333333333,1.0,0.035714286,0.333333333,0.0,0
516,0.647058824,0.197755035,1.0,1.0,0.267857143,0.0,1.0,1
517,0.294117647,0.061681522999999995,1.0,1.0,0.107142857,0.0,0.0,1
518,0.294117647,0.289259382,0.666666667,1.0,0.446428571,0.333333333,0.0,0
519,0.117647059,0.09199956,1.0,0.333333333,0.321428571,0.0,0.0,1
520,0.117647059,0.063772422,1.0,0.666666667,0.625,0.0,0.0,0
521,0.470588235,0.30048420800000003,1.0,0.333333333,0.33928571399999996,0.333333333,0.0,0
522,0.117647059,0.055793990999999994,1.0,1.0,0.6785714290000001,0.0,0.0,0
523,0.161764706,0.091064158,1.0,1.0,0.375,0.0,0.0,0
524,0.382352941,0.155551887,0.666666667,0.333333333,0.375,0.333333333,1.0,0
525,0.073529412,0.078133597,1.0,0.333333333,0.053571429000000004,0.0,0.0,1
526,0.294117647,0.20864971899999998,0.666666667,1.0,0.428571429,0.333333333,0.0,0
527,0.470588235,0.484483328,0.333333333,1.0,0.28571428600000004,0.0,1.0,0
528,0.088235294,0.388356994,0.333333333,1.0,0.9107142859999999,0.0,0.0,0
529,0.20588235300000002,0.12462859,0.666666667,1.0,0.428571429,0.0,0.0,0
530,0.294117647,0.21464729800000001,0.333333333,0.666666667,0.28571428600000004,0.333333333,0.0,0
531,0.294117647,0.302244965,0.333333333,1.0,0.089285714,0.333333333,0.0,0
532,0.117647059,0.09695168900000001,1.0,0.333333333,0.75,0.0,0.0,0
533,0.294117647,0.12947067199999998,0.333333333,1.0,0.16071428599999998,0.0,0.0,0
534,0.20588235300000002,0.039947177,0.0,0.333333333,0.071428571,0.0,0.0,1
535,0.029411765,0.24573566600000002,0.0,0.666666667,0.446428571,0.333333333,1.0,0
536,0.117647059,0.108066469,1.0,0.666666667,0.089285714,0.0,0.0,0
537,0.058823529000000006,0.173214482,0.0,1.0,0.35714285700000004,0.333333333,0.0,0
538,0.647058824,0.623968306,0.333333333,1.0,0.089285714,0.333333333,0.0,1
539,0.073529412,0.054693517999999997,1.0,1.0,0.39285714299999996,0.333333333,0.0,0
540,0.294117647,0.20947507399999998,0.666666667,0.666666667,0.428571429,0.0,0.0,1
541,0.044117647,0.127985034,0.333333333,0.333333333,0.28571428600000004,0.0,0.0,0
542,0.294117647,0.133927589,1.0,0.333333333,0.28571428600000004,0.333333333,0.0,0
543,0.0,0.068944646,0.333333333,0.0,0.41071428600000004,0.333333333,1.0,0
544,0.647058824,0.5893584239999999,0.0,0.333333333,0.14285714300000002,0.333333333,0.0,1
545,0.117647059,0.062506878,0.333333333,0.333333333,0.125,0.0,0.0,1
546,0.470588235,0.302189942,0.333333333,0.333333333,0.214285714,0.333333333,0.0,0
547,0.20588235300000002,0.065588203,1.0,1.0,0.23214285699999998,0.333333333,1.0,1
548,0.20588235300000002,0.17211400899999998,0.333333333,0.0,0.214285714,0.0,0.0,0
549,0.470588235,0.18075272399999998,1.0,1.0,0.321428571,0.333333333,0.0,0
550,0.102941176,0.049741389000000004,1.0,1.0,0.6785714290000001,0.666666667,0.0,0
551,0.029411765,0.043853857,0.333333333,1.0,0.553571429,0.0,0.0,0
552,0.33823529399999996,0.201661715,1.0,0.333333333,0.303571429,0.0,1.0,1
553,0.161764706,0.106525806,0.0,1.0,0.25,0.0,0.0,0
554,0.117647059,0.105700451,0.333333333,0.333333333,0.17857142899999998,0.0,0.0,0
555,0.294117647,0.333663475,1.0,0.333333333,0.14285714300000002,0.333333333,0.0,0
556,0.117647059,0.004897106,1.0,0.0,0.46428571399999996,0.0,0.0,0
557,0.470588235,0.328986464,1.0,1.0,0.071428571,0.333333333,0.0,1
558,0.029411765,0.014746341000000001,0.666666667,0.0,0.17857142899999998,0.0,0.0,0
559,0.161764706,0.240618466,0.666666667,0.333333333,0.375,0.0,0.0,1
560,0.558823529,0.332287884,0.333333333,0.0,0.25,0.333333333,0.0,0
561,0.117647059,0.152195444,0.666666667,0.0,0.089285714,0.0,0.0,0
562,0.117647059,0.128150105,1.0,0.0,0.25,0.0,1.0,1
563,0.647058824,0.406019588,1.0,0.333333333,0.48214285700000004,0.333333333,1.0,0
564,0.20588235300000002,0.139154837,0.0,0.666666667,0.035714286,0.0,0.0,0
565,0.161764706,0.15291075199999998,0.333333333,0.333333333,0.25,0.0,0.0,0
566,0.20588235300000002,0.227247717,0.666666667,1.0,0.28571428600000004,0.0,1.0,0
567,0.161764706,0.06718388900000001,1.0,1.0,0.28571428600000004,0.333333333,0.0,0
568,0.294117647,0.10856168199999999,1.0,1.0,0.589285714,0.333333333,0.0,0
569,0.294117647,0.098437328,0.0,0.0,0.053571429000000004,0.0,0.0,1
570,0.294117647,0.150104545,1.0,1.0,0.23214285699999998,0.333333333,1.0,0
571,0.33823529399999996,0.125343898,1.0,0.0,0.23214285699999998,0.0,1.0,0
572,0.117647059,0.06734896,1.0,0.0,0.25,0.0,0.0,0
573,0.117647059,0.06289204400000001,1.0,1.0,0.5,0.666666667,1.0,0
574,0.20588235300000002,0.092769891,0.333333333,1.0,0.071428571,0.333333333,0.0,0
575,0.33823529399999996,0.44393089,0.333333333,1.0,0.41071428600000004,0.333333333,0.0,1
576,0.470588235,0.590073732,1.0,0.333333333,0.125,0.333333333,0.0,1
577,0.161764706,0.36315615700000003,0.0,0.333333333,0.267857143,0.0,1.0,1
578,0.647058824,0.37135468299999996,0.0,0.0,0.267857143,0.333333333,0.0,1
579,0.029411765,0.7871134590000001,0.0,0.333333333,0.071428571,0.0,0.0,1
580,0.25,0.205018158,0.333333333,0.666666667,0.28571428600000004,0.0,0.0,0
581,0.117647059,0.024595576,1.0,0.333333333,0.48214285700000004,0.333333333,0.0,1
582,0.20588235300000002,0.391988555,1.0,1.0,0.375,0.333333333,0.0,0
583,0.20588235300000002,0.163915484,0.333333333,1.0,0.33928571399999996,0.0,0.0,0
584,0.647058824,0.413392759,1.0,1.0,0.41071428600000004,0.0,0.0,1
585,0.20588235300000002,0.132717068,1.0,0.666666667,0.23214285699999998,0.0,0.0,0
586,0.117647059,0.09425553,1.0,0.333333333,0.214285714,0.333333333,1.0,0
587,0.161764706,0.058655222,0.333333333,0.333333333,0.5,0.333333333,0.0,0
588,0.294117647,0.142236162,0.666666667,1.0,0.607142857,0.0,0.0,0
589,0.073529412,0.09519093199999999,0.333333333,0.333333333,0.0,0.333333333,0.0,1
590,0.294117647,0.06195664099999999,1.0,0.0,0.16071428599999998,0.0,0.0,0
591,0.294117647,0.07345658599999999,1.0,0.666666667,0.375,0.333333333,0.0,0
592,0.117647059,0.021404204,1.0,0.333333333,0.19642857100000002,0.0,0.0,1
593,0.117647059,0.104489931,1.0,0.0,0.17857142899999998,0.0,0.0,1
594,0.294117647,0.025696049,1.0,1.0,0.625,0.333333333,0.0,0
595,0.382352941,0.43039507,0.333333333,0.666666667,0.107142857,0.666666667,0.0,0
596,0.161764706,0.030593155,1.0,1.0,0.053571429000000004,0.0,0.0,0
597,0.117647059,0.027016617000000003,1.0,0.666666667,0.053571429000000004,0.0,0.0,1
598,0.25,0.275008254,0.0,0.666666667,0.125,0.0,0.0,0
599,0.426470588,0.38533069200000003,0.666666667,0.333333333,0.28571428600000004,0.333333333,0.0,0
600,0.23456623100000001,0.266267894,0.38612023799999995,0.333333333,0.104264864,0.247930911,0.0,1
601,0.233890244,0.111123716,0.47742792799999995,0.333333333,0.09049466,0.0,0.0,1
602,0.38890391700000004,0.27611785,0.666666667,0.333333333,0.12441081400000001,0.247930911,0.0,1
603,0.394987805,0.17408697399999998,0.666666667,0.333333333,0.20703203899999997,0.0,0.0,1
604,0.148514596,0.26427049399999997,0.9472130959999999,0.333333333,0.18144942100000003,0.333333333,0.0,1
605,0.149866571,0.14991959400000002,0.855905405,0.333333333,0.195219625,0.333333333,0.0,1
606,0.232382573,0.049464895999999994,1.0,1.0,0.080651736,0.0,0.0,1
607,0.229678623,0.047275414,1.0,1.0,0.039341124,0.0,0.0,1
608,0.23674989,0.05080984400000001,1.0,0.820853718,0.30932741399999997,0.08540242199999999,1.0,1
609,0.238101865,0.040743689,1.0,1.0,0.33686782200000004,0.333333333,1.0,1
610,0.241117207,0.137879836,1.0,0.333333333,0.18491660000000001,0.0,0.0,1
611,0.246525107,0.08442040099999999,1.0,0.333333333,0.129835784,0.0,0.0,1
612,0.294117647,0.036151419,1.0,0.333333333,0.268446329,0.0,0.0,1
613,0.294117647,0.054008419,1.0,0.333333333,0.185825104,0.0,0.0,1
614,0.201515036,0.037780747,1.0,1.0,0.08640772099999999,0.0,0.0,1
615,0.19745911100000002,0.039263833,1.0,1.0,0.072637517,0.0,0.0,1
616,0.417587795,0.13712174900000001,0.719453571,1.0,0.089285714,0.0,0.0,1
617,0.42299569600000003,0.107379914,0.8107612609999999,1.0,0.089285714,0.0,0.0,1
618,0.267617427,0.316316865,0.0,0.358292565,0.103086493,0.0,0.0,1
619,0.270321377,0.23444858600000001,0.0,0.031147607999999997,0.254558737,0.0,0.0,1
620,0.274316562,0.045456058,0.333333333,0.487520384,0.478154429,0.0,0.0,1
621,0.269584649,0.325045908,0.333333333,0.6355190589999999,0.202750347,0.0,0.0,1
622,0.216948805,0.14757066900000002,0.719453571,1.0,0.083529729,0.0,0.0,1
623,0.213568867,0.055463461,0.8107612609999999,1.0,0.05598932,0.0,0.0,1
624,0.117647059,0.251962192,0.719453571,0.820853718,0.308738228,0.333333333,0.0,1
625,0.117647059,0.097534337,0.8107612609999999,0.9688523920000001,0.41889986100000004,0.055546723,0.0,1
626,0.232382573,0.140496764,0.9472130959999999,1.0,0.163592279,0.0,0.0,1
627,0.229678623,0.15979290699999998,0.855905405,1.0,0.17736248300000002,0.27778661,0.0,1
628,0.294117647,0.07756951299999999,1.0,1.0,0.69472895,0.333333333,0.934023514,1
629,0.294117647,0.07584632200000001,1.0,1.0,0.515716297,0.055546723,0.143862594,1
630,0.14414727900000002,0.046696722,0.0,0.179146282,0.097330507,0.0,0.0,1
631,0.141443329,0.039153078,0.0,0.031147607999999997,0.22126234399999997,0.0,0.0,1
632,0.43972069799999997,0.293509986,1.0,0.179146282,0.202705807,0.247930911,0.0,1
633,0.43836872299999996,0.52850456,1.0,0.031147607999999997,0.5745013170000001,0.0,0.0,1
634,0.291933989,0.550541924,0.613879762,1.0,0.399202314,0.247930911,0.0,1
635,0.28990602600000004,0.526129,0.522572072,1.0,0.34412149799999997,0.0,0.0,1
636,0.148514596,0.11624288199999999,0.43890714200000003,0.179146282,0.252877993,0.0,1.0,1
637,0.149866571,0.133179401,0.621522523,0.0,0.266648197,0.0,1.0,1
638,0.117647059,0.032763118,1.0,0.845812949,0.36983320000000003,0.0,1.0,1
639,0.117647059,0.027182536,1.0,0.697814275,0.259671568,0.0,1.0,1
640,0.232382573,0.03448147,1.0,1.0,0.169280328,0.0,0.0,1
641,0.229678623,0.045327313,1.0,0.937704784,0.637467267,0.0,0.0,1
642,0.508006748,0.746710335,0.613879762,1.0,0.46251815700000004,0.333333333,0.0,1
643,0.515442611,0.557998855,0.522572072,1.0,0.71038183,0.055546723,0.0,1
644,0.532323309,0.43879746,0.43890714200000003,0.487520384,0.166470271,0.0,0.0,1
645,0.53502726,0.201347026,0.621522523,0.6355190589999999,0.19401068,0.27778661,0.0,1
646,0.269801085,0.15535426300000002,1.0,0.691625898,0.275901936,0.247930911,1.0,1
647,0.27453299800000003,0.082562608,1.0,0.364480941,0.39983377200000003,0.0,1.0,1
648,0.523588676,0.150618895,0.719453571,0.641707435,0.502288807,0.08540242199999999,1.0,1
649,0.518180775,0.2191123,0.8107612609999999,1.0,0.598680236,0.333333333,1.0,1
650,0.17501481600000002,0.09534491699999999,1.0,0.179146282,0.08006255,0.0,0.0,1
651,0.173662841,0.069614422,1.0,0.09344282400000001,0.12137316199999999,0.0,0.0,1
652,0.408853161,0.07002675400000001,0.719453571,0.641707435,0.241955207,0.0,0.0,1
653,0.406149211,0.079003747,0.8107612609999999,1.0,0.118023371,0.0,0.0,1
654,0.163948364,0.073700813,1.0,0.691625898,0.273023943,0.0,1.0,1
655,0.16597632699999998,0.128167751,1.0,0.302185725,0.383185575,0.0,1.0,1
656,0.10221329,0.12200867300000001,0.719453571,0.691625898,0.532315043,0.0,0.0,1
657,0.10153730300000001,0.305307787,0.8107612609999999,0.395628549,0.174289737,0.0,0.0,1
658,0.179382133,0.106025361,1.0,0.641707435,0.652669493,0.0,0.0,1
659,0.182086083,0.030814556,1.0,1.0,0.528737656,0.0,0.0,1
660,0.179382133,0.137735319,1.0,0.333333333,0.105964485,0.0,0.0,1
661,0.182086083,0.044253419,1.0,0.333333333,0.271206934,0.0,0.0,1
662,0.179382133,0.147991603,1.0,0.179146282,0.179681864,0.0,0.0,1
663,0.182086083,0.055253475,1.0,0.031147607999999997,0.44131574100000004,0.27778661,0.0,1
664,0.58532375,0.133054245,0.9472130959999999,0.179146282,0.245943635,0.0,0.0,1
665,0.5826197989999999,0.305965768,0.855905405,0.031147607999999997,0.39741588,0.0,0.0,1
666,0.46185360200000003,0.303733579,0.719453571,1.0,0.450484936,0.247930911,0.0,1
667,0.453741751,0.282629485,0.8107612609999999,1.0,0.299012691,0.0,0.0,1
668,0.14414727900000002,0.118033698,0.0,1.0,0.142267957,0.0,0.0,1
669,0.141443329,0.184004802,0.0,1.0,0.22488918100000002,0.0,0.0,1
670,0.221316121,0.23139559899999998,0.613879762,0.333333333,0.092163707,0.08540242199999999,0.0,1
671,0.221992109,0.137858346,0.522572072,0.333333333,0.10593391099999999,0.055546723,0.0,1
672,0.179382133,0.514495168,0.43890714200000003,0.0,0.5080447929999999,0.247930911,0.0,1
673,0.182086083,0.133563658,0.621522523,0.031147607999999997,0.631976629,0.0,0.0,1
674,0.331684319,0.069563506,1.0,0.333333333,0.14802394300000002,0.333333333,0.0,1
675,0.325600431,0.176651243,1.0,0.333333333,0.258185575,0.055546723,0.0,1
676,0.647058824,0.88276154,0.052786904,0.333333333,0.202184557,0.0,0.0,1
677,0.647058824,0.501839247,0.144094595,0.364480941,0.229724965,0.0,0.0,1
678,0.647058824,0.229304034,0.38612023799999995,1.0,0.12669962099999998,0.0,0.0,1
679,0.647058824,0.28287876,0.47742792799999995,1.0,0.305712274,0.0,0.0,1
680,0.21024967,0.13394097800000002,1.0,0.641707435,0.16993745,0.08540242199999999,0.0,1
681,0.214305595,0.103746139,1.0,1.0,0.12862683800000002,0.055546723,0.0,1
682,0.257328248,0.12445843599999999,0.561092858,0.691625898,0.134744414,0.0,0.0,1
683,0.25958154,0.093416536,0.378477477,0.333333333,0.437688904,0.27778661,0.0,1
684,0.347118087,0.118120179,1.0,1.0,0.263211593,0.08540242199999999,0.0,1
685,0.34171018700000005,0.107975025,1.0,1.0,0.497305062,0.055546723,0.0,1
686,0.7087938979999999,0.21805629,0.719453571,1.0,0.531068735,0.333333333,0.0,1
687,0.7114978479999999,0.34351043700000006,0.8107612609999999,1.0,0.765162205,0.055546723,0.0,1
688,0.594058383,0.388890147,0.894426191,0.333333333,0.097919693,0.0,0.0,1
689,0.599466284,0.58029592,0.711810811,0.302185725,0.139230305,0.0,0.0,1
690,0.23674989,0.17160196600000002,1.0,1.0,0.22638687100000002,0.247930911,1.0,1
691,0.238101865,0.09924037,1.0,1.0,0.198846463,0.0,1.0,1
692,0.291933989,0.055377323,0.666666667,0.641707435,0.038592279,0.0,0.0,1
693,0.28990602600000004,0.089943994,0.666666667,0.9688523920000001,0.052362483,0.27778661,0.0,1
694,0.232382573,0.026256994,1.0,0.487520384,0.660193036,0.333333333,0.0,1
695,0.229678623,0.043252954,1.0,0.697814275,0.315937934,0.055546723,0.0,1
696,0.117647059,0.034987945,1.0,1.0,0.39285714299999996,0.0,1.0,1
697,0.117647059,0.028788381000000002,1.0,1.0,0.39285714299999996,0.0,1.0,1
698,0.060279302,0.56352246,0.280546429,0.179146282,0.154890364,0.0,0.0,1
699,0.061631277000000005,0.644404977,0.189238739,0.031147607999999997,0.554226282,0.0,0.0,1
700,0.148514596,0.187422509,0.105573809,1.0,0.3997915,0.418735755,0.0,1
701,0.149866571,0.237247557,0.288189189,1.0,0.26208945899999997,0.111093446,0.0,1
702,0.08896318,0.16889443399999998,1.0,1.0,0.298336692,0.333333333,1.0,1
703,0.089639168,0.05614491,1.0,0.9688523920000001,0.615051386,0.333333333,1.0,1
704,0.27868387899999997,0.145957618,1.0,0.333333333,0.30010425,0.08540242199999999,0.934023514,1
705,0.278007891,0.06692576900000001,1.0,0.333333333,0.36895527,0.055546723,0.143862594,1
706,0.6691917270000001,0.09254717300000001,0.9472130959999999,1.0,0.794348264,0.247930911,0.0,1
707,0.662431851,0.27542312,0.855905405,1.0,0.835658876,0.0,0.0,1
708,0.470588235,0.40664568100000004,0.15836071300000001,0.0,0.145735136,0.333333333,0.0,1
709,0.470588235,0.260561007,0.432283784,0.09344282400000001,0.15950534,0.333333333,0.0,1
710,0.46840457700000004,0.25853286,0.333333333,0.333333333,0.176214685,0.247930911,0.0,1
711,0.46637661399999997,0.318609693,0.333333333,0.333333333,0.506699583,0.27778661,0.0,1
712,0.150698254,0.14347864300000002,0.9472130959999999,1.0,0.059327414,0.0,0.0,1
713,0.154078192,0.058600587,0.855905405,1.0,0.086867822,0.0,0.0,1
714,0.179382133,0.1887296,0.43890714200000003,1.0,0.062794593,0.0,0.0,1
715,0.182086083,0.072752764,0.621522523,0.937704784,0.021483981,0.27778661,0.0,1
716,0.10735788,0.060378767,1.0,0.641707435,0.292648643,0.0,0.0,1
717,0.106907221,0.081182162,1.0,0.937704784,0.154946602,0.0,0.0,1
718,0.26325011,0.122715201,1.0,0.666666667,0.11289884300000001,0.0,0.0,1
719,0.261898135,0.07144012200000001,1.0,0.697814275,0.140439251,0.27778661,0.0,1
720,0.20588235300000002,0.226779297,0.43890714200000003,1.0,0.312205407,0.08540242199999999,1.0,1
721,0.20588235300000002,0.133247444,0.621522523,1.0,0.35351601899999996,0.333333333,1.0,1
722,0.150698254,0.33711913200000004,0.15836071300000001,0.179146282,0.116887271,0.08540242199999999,0.0,1
723,0.154078192,0.153537745,0.432283784,0.031147607999999997,0.419831761,0.055546723,0.0,1
724,0.523588676,0.151857095,0.052786904,0.641707435,0.138800778,0.17080484399999998,0.0,1
725,0.518180775,0.600097361,0.144094595,0.937704784,0.290273023,0.38888005600000003,0.0,1
726,0.647058824,0.219888164,0.719453571,1.0,0.418827015,0.333333333,0.934023514,1
727,0.647058824,0.304140755,0.8107612609999999,1.0,0.115882525,0.055546723,0.143862594,1
728,0.302852281,0.108283424,1.0,0.641707435,0.130755986,0.08540242199999999,0.0,1
729,0.310964132,0.068611991,1.0,0.937704784,0.158296394,0.055546723,0.0,1
730,0.106580607,0.142989659,0.280546429,1.0,0.252288807,0.0,0.934023514,1
731,0.109960545,0.179553689,0.189238739,1.0,0.34868023600000003,0.0,0.143862594,1
732,0.267617427,0.203537537,1.0,0.691625898,0.23561003600000002,0.08540242199999999,0.0,1
733,0.270321377,0.12514104,1.0,0.333333333,0.166759015,0.333333333,0.0,1
734,0.148514596,0.141586422,1.0,0.333333333,0.20506255,0.0,0.0,1
735,0.149866571,0.032098075,1.0,0.333333333,0.24637316199999998,0.0,0.0,1
736,0.408853161,0.10934763199999999,0.719453571,1.0,0.202773743,0.0,0.0,1
737,0.406149211,0.151562258,0.8107612609999999,1.0,0.147692927,0.27778661,0.0,1
738,0.117647059,0.030007616,1.0,0.537438847,0.047815443,0.0,0.0,1
739,0.117647059,0.025834291000000002,1.0,0.062295215999999994,0.020275035,0.0,0.0,1
740,0.430986064,0.16805100399999998,0.052786904,1.0,0.23672047100000002,0.0,0.0,1
741,0.42152223899999997,0.236433587,0.144094595,0.9688523920000001,0.42950332799999996,0.0,0.0,1
742,0.23674989,0.430661523,0.719453571,1.0,0.145735136,0.0,0.0,1
743,0.238101865,0.13073813,0.8107612609999999,0.9688523920000001,0.15950534,0.27778661,0.0,1
744,0.18374945,0.325056248,0.43890714200000003,0.641707435,0.485610036,0.256207266,0.0,1
745,0.190509325,0.17412372199999998,0.621522523,1.0,0.416759015,0.444426779,0.0,1
746,0.148514596,0.106392952,0.15836071300000001,1.0,0.11002085,0.247930911,0.0,1
747,0.149866571,0.152168097,0.432283784,0.9688523920000001,0.123791054,0.0,0.0,1
748,0.483690186,0.220794477,0.43890714200000003,0.333333333,0.22409806399999999,0.0,0.0,1
749,0.49585796200000004,0.13151148199999999,0.621522523,0.333333333,0.10016622800000001,0.0,0.0,1
750,0.10221329,0.150349818,1.0,0.845812949,0.576663308,0.333333333,1.0,1
751,0.10153730300000001,0.064411929,1.0,0.697814275,0.25994861399999997,0.333333333,1.0,1
752,0.446271674,0.468793316,0.43890714200000003,0.154187051,0.271913507,0.0,0.065976486,1
753,0.45100358700000004,0.38705745,0.621522523,0.333333333,0.120441263,0.0,0.856137406,1
754,0.29848496399999996,0.24214328699999998,1.0,0.333333333,0.182038607,0.333333333,0.0,1
755,0.302540889,0.194529285,1.0,0.333333333,0.11318758699999999,0.333333333,0.0,1
756,0.294117647,0.054665052,1.0,1.0,0.127288807,0.0,0.0,1
757,0.294117647,0.060163910999999994,1.0,1.0,0.223680236,0.0,0.0,1
758,0.179382133,0.07477774200000001,1.0,0.333333333,0.221220072,0.0,0.065976486,1
759,0.182086083,0.10462711599999999,1.0,0.302185725,0.08351803099999999,0.27778661,0.856137406,1
760,0.08896318,0.06940909,0.43890714200000003,0.179146282,0.053571429000000004,0.0,0.0,1
761,0.089639168,0.064974997,0.621522523,0.031147607999999997,0.053571429000000004,0.0,0.0,1
762,0.117647059,0.032457997999999995,0.43890714200000003,0.487520384,0.34680925700000004,0.0,0.065976486,1
763,0.117647059,0.031522825,0.621522523,0.697814275,0.126485992,0.0,0.856137406,1
764,0.35585272100000004,0.10388959699999999,1.0,0.179146282,0.1002085,0.0,0.0,1
765,0.358556671,0.074885457,1.0,0.031147607999999997,0.237910541,0.0,0.0,1
766,0.26325011,0.168287463,0.9472130959999999,1.0,0.641678771,0.333333333,0.065976486,1
767,0.261898135,0.21415140800000002,0.855905405,1.0,0.80692122,0.055546723,0.856137406,1
768,0.302852281,0.432311985,0.719453571,0.333333333,0.38481235,0.247930911,0.0,1
769,0.310964132,0.15739257199999998,0.8107612609999999,0.333333333,0.260880513,0.27778661,0.0,1
770,0.470588235,0.279437795,1.0,0.487520384,0.298404629,0.0,0.0,1
771,0.470588235,0.17576536,1.0,0.697814275,0.18824299600000002,0.0,0.0,1
772,0.35585272100000004,0.318668527,0.0,0.641707435,0.085818536,0.247930911,0.0,1
773,0.358556671,0.584165533,0.0,1.0,0.15466955599999999,0.0,0.0,1
774,0.232382573,0.11628053699999999,0.0,0.179146282,0.056449421,0.0,0.0,1
775,0.229678623,0.089525768,0.0,0.0,0.070219625,0.0,0.0,1
776,0.086779522,0.053737215,1.0,0.512479616,0.104264864,0.247930911,0.934023514,1
777,0.08542754699999999,0.10485742,1.0,0.364480941,0.09049466,0.0,0.143862594,1
778,0.309551416,0.065067185,0.719453571,0.845812949,0.095630886,0.0,0.0,1
779,0.310227403,0.08283986,0.8107612609999999,0.697814275,0.040550069,0.0,0.0,1
780,0.18374945,0.404255504,0.0,1.0,0.111720471,0.0,0.0,1
781,0.190509325,0.748890809,0.0,0.937704784,0.304503328,0.0,0.0,1
782,0.163948364,0.23095115100000002,0.052786904,0.641707435,0.133633979,0.08540242199999999,0.0,1
783,0.16597632699999998,0.12633482199999999,0.144094595,0.937704784,0.174944591,0.055546723,0.0,1
784,0.232382573,0.049852738,0.894426191,0.333333333,0.026491121,0.0,0.0,1
785,0.229678623,0.114107586,0.711810811,0.395628549,0.067801734,0.0,0.0,1
786,0.7087938979999999,0.241489213,0.9472130959999999,0.46256115299999995,0.123821628,0.0,0.0,1
787,0.7114978479999999,0.276031859,0.855905405,1.0,0.289064077,0.0,0.0,1
788,0.232382573,0.09539792400000001,1.0,0.691625898,0.40960385,0.0,0.0,1
789,0.229678623,0.085717142,1.0,0.302185725,0.147969973,0.27778661,0.0,1
790,0.470588235,0.29145332,0.43890714200000003,0.333333333,0.3646664,0.0,1.0,1
791,0.470588235,0.260259559,0.621522523,0.333333333,0.144343135,0.0,1.0,1
792,0.417587795,0.113773031,1.0,0.333333333,0.29434826399999997,0.0,0.0,1
793,0.42299569600000003,0.10693073199999999,1.0,0.333333333,0.335658876,0.0,0.0,1
794,0.331684319,0.113902116,1.0,0.691625898,0.113488029,0.0,0.0,1
795,0.325600431,0.169683038,1.0,0.333333333,0.058407212,0.27778661,0.0,1
796,0.23456623100000001,0.038856931000000004,0.9472130959999999,0.666666667,0.17045870000000002,0.247930911,0.0,1
797,0.233890244,0.07630687,0.855905405,0.6355190589999999,0.473403189,0.0,0.0,1
798,0.267617427,0.068374707,0.9472130959999999,0.333333333,0.179160614,0.247930911,0.0,1
799,0.270321377,0.063654508,0.855905405,0.364480941,0.09653939,0.0,0.0,1
800,0.17501481600000002,0.119003739,0.841639287,0.666666667,0.12212200699999999,0.08540242199999999,0.0,1
801,0.173662841,0.155028998,0.567716216,0.697814275,0.10835180300000001,0.055546723,0.0,1
802,0.600757518,0.358806054,0.43890714200000003,0.333333333,0.152080307,0.333333333,0.0,1
803,0.598729555,0.187668666,0.621522523,0.395628549,0.110769695,0.055546723,0.0,1
804,0.406669503,0.033659077999999995,0.613879762,0.666666667,0.121532821,0.333333333,0.0,1
805,0.40193759,0.189259727,0.522572072,0.6355190589999999,0.190383842,0.333333333,0.0,1
806,0.17501481600000002,0.143743843,0.613879762,0.154187051,0.10367567800000001,0.08540242199999999,0.0,1
807,0.173662841,0.167222377,0.522572072,0.333333333,0.17252669899999998,0.055546723,0.0,1
808,0.302852281,0.6097173539999999,0.333333333,0.691625898,0.176803871,0.0,0.0,1
809,0.310964132,0.21675627100000003,0.333333333,0.333333333,0.424667544,0.0,0.0,1
810,0.294117647,0.17214436600000002,0.666666667,0.641707435,0.092752893,0.0,0.0,1
811,0.294117647,0.084853532,0.666666667,1.0,0.023901872999999997,0.0,0.0,1
812,0.09114683900000001,0.171294505,1.0,1.0,0.071428571,0.0,0.0,1
813,0.093850789,0.037276431,1.0,1.0,0.071428571,0.0,0.0,1
814,0.247816342,0.061620057,0.719453571,0.487520384,0.55527105,0.08540242199999999,0.0,1
815,0.24578837899999997,0.05119988,0.8107612609999999,0.697814275,0.734283703,0.055546723,0.0,1
816,0.17501481600000002,0.042500931,1.0,0.487520384,0.4597081,0.0,0.0,1
817,0.173662841,0.044561019,1.0,0.666666667,0.26692524300000003,0.0,0.0,1
818,0.320617867,0.092153976,0.333333333,0.333333333,0.483910415,0.08540242199999999,0.0,1
819,0.317913917,0.333710415,0.333333333,0.333333333,0.236046741,0.055546723,0.0,1
820,0.470588235,0.22168384600000002,1.0,0.512479616,0.130755986,0.247930911,0.0,1
821,0.470588235,0.45551800299999995,1.0,0.333333333,0.158296394,0.0,0.0,1
822,0.179382133,0.134427885,1.0,0.641707435,0.357664107,0.333333333,0.0,1
823,0.182086083,0.033229933999999996,1.0,0.9688523920000001,0.701919209,0.055546723,0.0,1
824,0.117647059,0.286624997,0.9472130959999999,0.641707435,0.33751815700000004,0.0,0.0,1
825,0.117647059,0.25159355699999997,0.855905405,1.0,0.58538183,0.0,0.0,1
826,0.150698254,0.20273518399999998,0.43890714200000003,0.641707435,0.079473364,0.08540242199999999,0.0,1
827,0.154078192,0.105385832,0.621522523,0.937704784,0.203405201,0.055546723,0.0,1
828,0.35585272100000004,0.247071968,0.333333333,0.179146282,0.194139764,0.0,0.0,1
829,0.358556671,0.329891248,0.333333333,0.062295215999999994,0.09774833599999999,0.0,0.0,1
830,0.408853161,0.104824537,1.0,1.0,0.071428571,0.247930911,0.0,1
831,0.406149211,0.27613473899999996,1.0,1.0,0.071428571,0.0,0.0,1
832,0.23674989,0.24202273100000002,0.052786904,1.0,0.568029329,0.581264245,0.065976486,1
833,0.238101865,0.051775180999999997,0.144094595,1.0,0.210004023,0.055546723,0.856137406,1
834,0.193409515,0.060389529000000004,0.052786904,1.0,0.383044793,0.0,1.0,1
835,0.190930894,0.052529819000000005,0.144094595,1.0,0.506976629,0.27778661,1.0,1
836,0.3845366,0.266853876,0.894426191,1.0,0.46539615,0.247930911,0.0,1
837,0.38656456200000006,0.331609944,0.711810811,1.0,0.7270300270000001,0.0,0.0,1
838,0.150698254,0.12553734800000002,0.719453571,0.154187051,0.053571429000000004,0.0,0.0,1
839,0.154078192,0.10322713800000001,0.8107612609999999,0.333333333,0.053571429000000004,0.0,0.0,1
840,0.23674989,0.13080914,0.333333333,0.641707435,0.23044323600000002,0.0,1.0,1
841,0.238101865,0.128355733,0.333333333,0.906557176,0.051430582999999995,0.0,1.0,1
842,0.35585272100000004,0.08256019099999999,0.9472130959999999,0.641707435,0.133044793,0.0,0.0,1
843,0.358556671,0.069395064,0.855905405,1.0,0.256976629,0.0,0.0,1
844,0.501455772,0.33971851799999997,0.719453571,0.333333333,0.16993745,0.08540242199999999,0.934023514,1
845,0.5028077470000001,0.320775407,0.8107612609999999,0.364480941,0.12862683800000002,0.055546723,0.143862594,1
846,0.408853161,0.226164253,0.333333333,0.487520384,0.109431664,0.0,0.0,1
847,0.406149211,0.417770246,0.333333333,0.604371451,0.205823093,0.0,0.0,1
848,0.302852281,0.34938914,0.9472130959999999,1.0,0.317372207,0.08540242199999999,0.0,1
849,0.310964132,0.22452359100000002,0.855905405,1.0,0.468844452,0.333333333,0.0,1
850,0.258882793,0.21797932,1.0,0.641707435,0.78460385,0.0,0.0,1
851,0.25347489300000003,0.078894218,1.0,1.0,0.5229699729999999,0.0,0.0,1
852,0.616191287,0.268958565,0.9472130959999999,0.487520384,0.21140772100000002,0.0,0.0,1
853,0.614839311,0.36543498799999996,0.855905405,0.6355190589999999,0.19763751699999998,0.0,0.0,1
854,0.148514596,0.039922476,1.0,0.820853718,0.378467179,0.0,1.0,1
855,0.149866571,0.035034509,1.0,1.0,0.30961615800000003,0.27778661,1.0,1
856,0.219132463,0.128579196,0.666666667,0.333333333,0.118654828,0.247930911,0.0,1
857,0.217780488,0.12469399199999999,0.666666667,0.333333333,0.173735645,0.0,0.0,1
858,0.417587795,0.129645134,0.9472130959999999,1.0,0.5869969070000001,0.247930911,1.0,1
859,0.42299569600000003,0.23763910300000002,0.855905405,1.0,0.490605479,0.27778661,1.0,1
860,0.117647059,0.07908033099999999,1.0,1.0,0.39285714299999996,0.0,1.0,1
861,0.117647059,0.032122811,1.0,1.0,0.39285714299999996,0.27778661,1.0,1
862,0.26325011,0.051810104,0.38612023799999995,1.0,0.612898843,0.418735755,1.0,1
863,0.261898135,0.189269627,0.47742792799999995,1.0,0.640439251,0.38888005600000003,1.0,1
864,0.21024967,0.25059299399999996,1.0,0.641707435,0.274202314,0.247930911,0.0,1
865,0.214305595,0.124127843,1.0,0.9688523920000001,0.219121498,0.0,0.0,1
866,0.470588235,0.132225869,1.0,1.0,0.20159537100000002,0.0,0.0,1
867,0.470588235,0.27575879600000003,1.0,0.9688523920000001,0.311757004,0.0,0.0,1
868,0.408853161,0.154863259,1.0,0.820853718,0.154369114,0.333333333,0.0,1
869,0.406149211,0.125793519,1.0,1.0,0.209449931,0.055546723,0.0,1
870,0.46185360200000003,0.175941801,0.9472130959999999,0.333333333,0.275901936,0.08540242199999999,0.0,1
871,0.453741751,0.207744437,0.855905405,0.333333333,0.39983377200000003,0.333333333,0.0,1
872,0.362551856,0.14556292,1.0,0.845812949,0.38481235,0.08540242199999999,1.0,1
873,0.357819943,0.13180957199999999,1.0,0.6355190589999999,0.260880513,0.333333333,1.0,1
874,0.294117647,0.251107542,0.9472130959999999,1.0,0.134223164,0.0,0.0,1
875,0.294117647,0.14628894,0.855905405,1.0,0.092912552,0.0,0.0,1
876,0.35585272100000004,0.088604407,0.9472130959999999,1.0,0.154369114,0.0,0.0,1
877,0.358556671,0.16746492400000001,0.855905405,1.0,0.209449931,0.27778661,0.0,1
878,0.347118087,0.032639525,1.0,0.333333333,0.115776836,0.418735755,0.0,1
879,0.34171018700000005,0.296410684,1.0,0.333333333,0.15708744800000002,0.111093446,0.0,1
880,0.408853161,0.40421247200000004,0.0,1.0,0.14632432199999998,0.08540242199999999,0.0,1
881,0.406149211,0.5415085070000001,0.0,1.0,0.077473301,0.055546723,0.0,1
882,0.523588676,0.40814173,0.333333333,0.487520384,0.22233050699999998,0.08540242199999999,0.934023514,1
883,0.518180775,0.38738305700000003,0.333333333,0.666666667,0.346262344,0.055546723,0.143862594,1
884,0.861096083,0.153870141,0.894426191,1.0,0.080651736,0.0,0.0,1
885,0.855012195,0.248855446,0.711810811,0.937704784,0.039341124,0.27778661,0.0,1
886,0.332362818,0.217163585,0.9472130959999999,0.333333333,0.42687180700000005,0.0,0.0,1
887,0.331461502,0.158599385,0.855905405,0.333333333,0.247859154,0.0,0.0,1
888,0.34041895299999997,0.24566980800000002,0.052786904,0.820853718,0.026491121,0.08540242199999999,0.0,1
889,0.342446915,0.17377092,0.144094595,1.0,0.067801734,0.055546723,0.0,1
890,0.41322047799999995,0.09528275900000001,1.0,0.641707435,0.15783629300000002,0.333333333,0.0,1
891,0.41457245299999995,0.23163890199999998,1.0,0.937704784,0.144066089,0.055546723,0.0,1
892,0.470588235,0.14026148900000002,1.0,0.333333333,0.1549583,0.08540242199999999,0.0,1
893,0.470588235,0.19017669399999998,1.0,0.333333333,0.127417892,0.333333333,0.0,1
894,0.294117647,0.135679937,0.9472130959999999,0.691625898,0.578362929,0.333333333,1.0,1
895,0.294117647,0.191793099,0.855905405,0.395628549,0.440660888,0.055546723,1.0,1
896,0.179382133,0.11397807900000001,1.0,0.333333333,0.566850957,0.0,0.0,1
897,0.182086083,0.339242301,1.0,0.395628549,0.37406809999999996,0.0,0.0,1
898,0.36022003799999996,0.20030306,1.0,1.0,0.237898843,0.247930911,1.0,1
899,0.36697991399999996,0.10797546300000001,1.0,1.0,0.265439251,0.0,1.0,1
900,0.294117647,0.096797415,1.0,0.820853718,0.21199690699999998,0.0,0.0,1
901,0.294117647,0.058467099999999994,1.0,1.0,0.115605479,0.0,0.0,1
902,0.117647059,0.153035021,1.0,0.333333333,0.21657452100000002,0.0,0.0,1
903,0.117647059,0.04404486,1.0,0.333333333,0.31296595,0.0,0.0,1
904,0.331684319,0.227149157,1.0,0.333333333,0.353154429,0.0,0.0,1
905,0.325600431,0.157896131,1.0,0.302185725,0.077750347,0.0,0.0,1
906,0.301495281,0.051047195999999996,0.105573809,0.691625898,0.400969872,0.0,0.0,1
907,0.29924199,0.153199509,0.288189189,0.333333333,0.098025382,0.0,0.0,1
908,0.474955552,0.317414481,0.43890714200000003,1.0,0.11924401400000001,0.333333333,0.0,1
909,0.479011478,0.350742383,0.621522523,1.0,0.091703606,0.055546723,0.0,1
910,0.150698254,0.362180878,0.719453571,0.308374102,0.114009278,0.0,0.0,1
911,0.154078192,0.120256158,0.8107612609999999,0.6355190589999999,0.403183564,0.0,0.0,1
912,0.417587795,0.45776901600000003,0.052786904,0.154187051,0.202773743,0.08540242199999999,0.0,1
913,0.42299569600000003,0.35971409200000004,0.144094595,0.364480941,0.147692927,0.055546723,0.0,1
914,0.232382573,0.13786400000000001,0.43890714200000003,0.333333333,0.25981235,0.0,0.0,1
915,0.229678623,0.062319993,0.621522523,0.333333333,0.135880513,0.0,0.0,1
916,0.492721139,0.165986265,1.0,1.0,0.44185095700000004,0.08540242199999999,1.0,1
917,0.485961263,0.158619574,1.0,1.0,0.24906810000000001,0.333333333,1.0,1
918,0.539022444,0.105715376,0.894426191,0.333333333,0.138800778,0.0,0.934023514,1
919,0.534290531,0.594344553,0.711810811,0.333333333,0.290273023,0.0,0.143862594,1
920,0.35585272100000004,0.288393782,1.0,1.0,0.071428571,0.08540242199999999,0.0,1
921,0.358556671,0.21704232699999998,1.0,1.0,0.071428571,0.333333333,0.0,1
922,0.362551856,0.235932442,0.719453571,0.333333333,0.1952502,0.0,0.0,1
923,0.357819943,0.19300015899999998,0.8107612609999999,0.333333333,0.360492649,0.27778661,0.0,1
924,0.117647059,0.089109668,1.0,0.179146282,0.14514595,0.0,0.934023514,1
925,0.117647059,0.060123950999999995,1.0,0.031147607999999997,0.241537378,0.0,0.143862594,1
926,0.179382133,0.087630185,0.0,0.179146282,0.068550579,0.0,0.0,1
927,0.182086083,0.079561939,0.0,0.0,0.054780375,0.0,0.0,1
928,0.42428693,0.580352761,0.43890714200000003,1.0,0.6953181359999999,0.08540242199999999,0.0,1
929,0.42225896700000004,0.20602623899999997,0.621522523,1.0,0.43368425899999996,0.055546723,0.0,1
930,0.470588235,0.417920929,1.0,0.512479616,0.1549583,0.08540242199999999,0.0,1
931,0.470588235,0.305074051,1.0,0.333333333,0.127417892,0.055546723,0.0,1
932,0.07571307,0.197944528,0.0,0.691625898,0.103086493,0.0,0.934023514,1
933,0.077741033,0.651145998,0.0,0.333333333,0.254558737,0.0,0.143862594,1
934,0.38890391700000004,0.310846399,0.105573809,0.179146282,0.133044793,0.333333333,0.0,1
935,0.394987805,0.17833981699999998,0.288189189,0.031147607999999997,0.256976629,0.333333333,0.0,1
936,0.086779522,0.561452121,0.052786904,0.333333333,0.505823922,0.0,0.0,1
937,0.08542754699999999,0.484845601,0.144094595,0.302185725,0.106488004,0.0,0.0,1
938,0.117647059,0.058129935,1.0,0.691625898,0.512101157,0.333333333,0.0,1
939,0.117647059,0.038985724,1.0,0.395628549,0.484560749,0.055546723,0.0,1
940,0.302852281,0.301162487,1.0,1.0,0.5754849360000001,0.0,0.0,1
941,0.310964132,0.417205214,1.0,1.0,0.424012691,0.0,0.0,1
942,0.159581047,0.17224673699999998,0.38612023799999995,0.691625898,0.04493745,0.08540242199999999,0.0,1
943,0.157553085,0.037368702000000004,0.47742792799999995,0.395628549,0.003626838,0.055546723,0.0,1
944,0.347118087,0.039152519,1.0,0.333333333,0.136511971,0.0,0.0,1
945,0.34171018700000005,0.154877497,1.0,0.333333333,0.191592788,0.0,0.0,1
946,0.17501481600000002,0.134978374,1.0,0.179146282,0.7178208290000001,0.247930911,0.0,1
947,0.173662841,0.121346961,1.0,0.09344282400000001,0.222093483,0.0,0.0,1
948,0.060279302,0.045760713,1.0,0.487520384,0.068550579,0.0,0.0,1
949,0.061631277000000005,0.016065153999999998,1.0,0.697814275,0.054780375,0.0,0.0,1
